Country,Capital city,Exchange rate (per US$),National currency,"Pop. density (per km2, 2024)","Population (000, 2024)",Region,Sex ratio (m per 100 f),Surface area (km2),UN membership date,Capital_city_pop
Afghanistan,Kabul,77.1,Afghani (AFN),65.7,42648.0,Southern Asia,102.0,652864.0,1946-11-19,4114.0
Albania,Tirana,93.9,Lek (ALL),101.9,2792.0,Southern Europe,97.8,28748.0,1955-12-14,484.6
Algeria,Algiers,134.3,Algerian Dinar (DZD),19.7,46814.0,Northern Africa,104.1,2381741.0,1962-10-08,2729.3
American Samoa,Pago Pago,1.0,US Dollar (USD),233.8,47.0,Polynesia,101.9,199.0,,48.5
Andorra,Andorra la Vella,0.9,Euro (EUR),174.3,82.0,Southern Europe,104.6,468.0,1993-07-28,22.6
Angola,Luanda,828.8,Kwanza (AOA),30.4,37886.0,Middle Africa,98.0,1246700.0,1976-12-01,8044.7
Anguilla,The Valley,2.7,E. Caribbean Dollar (XCD)d,165.9,15.0,Caribbean,94.5,91.0,,1.4
Antigua and Barbuda,Saint John's,2.7,E. Caribbean Dollar (XCD)c,213.1,94.0,Caribbean,90.8,442.0,1981-11-11,20.8
Argentina,Buenos Aires,807.0,Argentine Peso (ARS),16.4,45696.0,South America,98.5,2796427.0,1945-10-24,15057.3
Armenia,Yerevan,404.8,Armenian Dram (AMD),104.5,2974.0,Western Asia,86.7,29743.0,1992-03-02,1083.3
Aruba,Oranjestad,1.8,Aruban Florin (AWG),600.4,108.0,Caribbean,89.5,180.0,,29.9
Australia,Canberra,1.5,Australian Dollar (AUD),3.5,26713.0,Oceania,98.5,7692024.0,1945-11-01,452.5
Austria,Vienna,0.9,Euro (EUR),110.5,9121.0,Western Europe,97.0,83878.0,1955-12-14,1915.3
Azerbaijan,Baku,1.7,Azerbaijan manat (AZN),125.1,10337.0,Western Asia,96.1,86600.0,1992-03-02,2313.1
Bahamas,Nassau,1.0,Bahamian Dollar (BSD),74.9,401.0,Caribbean,91.4,13940.0,1973-09-18,279.7
Bahrain,Manama,0.4,Bahraini Dinar (BHD),2052.4,1607.0,Western Asia,163.4,778.0,1971-09-21,600.4
Bangladesh,Dhaka,110.0,Taka (BDT),1333.4,173562.0,Southern Asia,96.7,148460.0,1974-09-17,20283.6
Barbados,Bridgetown,2.0,Barbados Dollar (BBD),656.9,282.0,Caribbean,92.1,431.0,1966-12-09,89.2
Belarus,Minsk,3.2,Belarusian Ruble (BYN),44.6,9057.0,Eastern Europe,87.3,207600.0,1945-10-24,2016.7
Belgium,Brussels,0.9,Euro (EUR),387.7,11739.0,Western Europe,97.3,30528.0,1945-12-27,2065.3
Belize,Belmopan,2.0,Belize Dollar (BZD),18.3,417.0,Central America,101.8,22965.0,1981-09-25,23.0
Benin,Porto-Novoc,593.6,"CFA Franc, BCEAO (XOF)d",128.3,14463.0,Western Africa,100.6,114763.0,1960-09-20,285.3
Bermuda,Hamilton,1.0,Bermudian Dollar (BMD),1197.0,65.0,Northern America,95.8,54.0,,10.1
Bhutan,Thimphu,83.3,Ngultrum (BTN),20.6,792.0,Southern Asia,114.8,38394.0,1971-09-21,203.3
Bolivia (Plurinational State of),Sucred,6.9,Boliviano (BOB),11.5,12413.0,South America,100.4,1098581.0,1945-11-14,277.9
"Bonaire, Sint Eustatius and Saba",Kralendijk,1.0,US Dollar (USD),93.5,31.0,Caribbean,106.1,,,11.3
Bosnia and Herzegovina,Sarajevo,1.8,Convertible Mark (BAM),61.8,3164.0,Southern Europe,90.8,51209.0,1992-05-22,342.7
Botswana,Gaborone,13.4,Pula (BWP),4.4,2521.0,Southern Africa,99.4,582000.0,1966-10-17,269.3
Brazil,Brasilia,4.8,Brazilian Real (BRL),25.4,211999.0,South America,96.8,8515767.0,1945-10-24,4559.0
British Virgin Islands,Road Town,1.0,US Dollar (USD),256.3,40.0,Caribbean,90.0,151.0,,15.1
Brunei Darussalam,Bandar Seri Begawan,1.3,Brunei Dollar (BND),80.3,463.0,South-eastern Asia,113.2,5765.0,1984-09-21,40.8
Bulgaria,Sofia,1.8,Bulgarian Lev (BGN),62.3,6758.0,Eastern Europe,93.8,110372.0,1955-12-14,1276.9
Burkina Faso,Ouagadougou,593.6,"CFA Franc, BCEAO (XOF)c",86.1,23549.0,Western Africa,99.3,274200.0,1960-09-20,2652.7
Burundi,Gitega,2856.1,Burundi Franc (BIF),541.3,14048.0,Eastern Africa,98.7,27834.0,1962-09-18,899.0
Cabo Verde,Praia,100.4,Cabo Verde Escudo (CVE),130.2,525.0,Western Africa,103.5,4033.0,1975-09-16,167.5
Cambodia,Phnom Penh,4085.0,Riel (KHR),97.4,17639.0,South-eastern Asia,96.1,181035.0,1955-12-14,2014.0
Cameroon,Yaoundé,593.6,"CFA Franc, BEAC (XAF)c",62.5,29124.0,Middle Africa,99.3,475650.0,1960-09-20,3822.4
Canada,Ottawa,1.3,Canadian Dollar (CAD),4.4,39742.0,Northern America,98.6,9984670.0,1945-11-09,1378.2
Cayman Islands,George Town,0.8,Cayman Islands Dollar (KYD),309.0,74.0,Caribbean,100.8,264.0,,34.9
Central African Republic,Bangui,593.6,"CFA Franc, BEAC (XAF)c",8.6,5331.0,Middle Africa,92.3,622984.0,1960-09-20,869.6
Chad,N'Djamena,593.6,"CFA Franc, BEAC (XAF)c",16.1,20299.0,Middle Africa,100.6,1284000.0,1960-09-20,1371.5
Channel Islands,Saint Heliera,0.8,Pound Sterling (GBP),,,Northern Europe,,,,34.4
Chile,Santiago,873.0,Chilean Peso (CLP),26.2,19765.0,South America,98.8,756102.0,1945-10-24,6723.5
China,Beijing,7.1,Yuan Renminbi (CNY),147.8,1419321.0,Eastern Asia,103.8,9600000.0,1945-10-24,20035.5
"China, Hong Kong SAR",Hong Kong,7.8,Hong Kong Dollar (HKD),6747.0,7415.0,Eastern Asia,82.0,1107.0,,7490.8
"China, Macao SAR",Macao,8.1,Pataca (MOP),22508.2,720.0,Eastern Asia,85.4,33.0,,642.1
Colombia,Bogota,3822.0,Colombian Peso (COP),47.1,52886.0,South America,97.4,1141748.0,1945-11-05,10779.4
Comoros,Moroni,445.2,Comorian Franc (KMF),465.7,867.0,Eastern Africa,101.2,2235.0,1975-11-12,62.4
Congo,Brazzaville,593.6,"CFA Franc, BEAC (XAF)c",18.5,6333.0,Middle Africa,100.0,342000.0,1960-09-20,2308.1
Cook Islands,Avarua,1.6,New Zealand Dollar (NZD),57.2,14.0,Polynesia,95.9,236.0,,13.1
Costa Rica,San José,523.0,Costa Rican Colon (CRC),100.5,5130.0,Central America,97.7,51100.0,1945-11-02,1378.5
Croatia,Zagreb,0.9,Euro (EUR),69.3,3875.0,Southern Europe,93.2,56594.0,1992-05-22,685.2
Cuba,Havana,24.0,Cuban Peso (CUP)c,102.8,10980.0,Caribbean,97.4,109884.0,1945-10-24,2138.4
Curaçao,Willemstad,1.8,Neth. Ant. Guilder (ANG)c,437.5,186.0,Caribbean,90.8,444.0,,144.0
Cyprus,Nicosia,0.9,Euro (EUR),147.0,1358.0,Western Asia,101.5,9251.0,1960-09-20,269.5
Czechia,Prague,22.4,Czech Koruna (CZK),139.1,10736.0,Eastern Europe,97.3,78871.0,1993-01-19,1298.8
Côte d’Ivoire,Yamoussoukroc,593.6,"CFA Franc, BCEAO (XOF)d",100.4,31934.0,Western Africa,103.6,322462.0,1960-09-20,231.1
Democratic People's Republic of Korea,Pyongyang,110.0,North Korean Won (KPW),220.1,26499.0,Eastern Asia,97.9,120538.0,1991-09-17,3060.9
Democratic Republic of the Congo,Kinshasa,2000.0,Congolese Franc (CDF),48.2,109276.0,Middle Africa,98.5,2345410.0,1960-09-20,13743.3
Denmark,Copenhagen,6.7,Danish Krone (DKK),141.0,5977.0,Northern Europe,98.8,42938.0,1945-10-24,1333.9
Djibouti,Djibouti,177.7,Djibouti Franc (DJF),50.4,1169.0,Eastern Africa,98.3,23200.0,1977-09-20,568.8
Dominica,Roseau,2.7,E. Caribbean Dollar (XCD)c,88.3,66.0,Caribbean,100.0,750.0,1978-12-18,14.9
Dominican Republic,Santo Domingo,58.3,Dominican Peso (DOP),236.5,11428.0,Caribbean,98.9,48671.0,1945-10-24,3245.0
Ecuador,Quito,1.0,US Dollar (USD),73.0,18136.0,South America,99.4,257217.0,1945-12-21,1847.7
Egypt,Cairo,30.8,Egyptian Pound (EGP),117.1,116538.0,Northern Africa,102.0,1002000.0,1945-10-24,20485.0
El Salvador,San Salvador,1.0,US Dollar (USD),305.9,6338.0,Central America,90.5,21041.0,1945-10-24,1105.7
Equatorial Guinea,Malabo,593.6,"CFA Franc, BEAC (XAF)c",67.5,1892.0,Middle Africa,111.5,28052.0,1968-11-12,296.8
Eritrea,Asmara,15.1,Nakfa (ERN),29.2,3536.0,Eastern Africa,97.5,121144.0,1993-05-28,928.8
Estonia,Tallinn,0.9,Euro (EUR),31.3,1360.0,Northern Europe,90.6,45261.0,1991-09-17,441.3
Eswatini,Mbabanec,18.4,Lilangeni (SZL),71.6,1243.0,Southern Africa,96.5,17363.0,1968-09-24,68.0
Ethiopia,Addis Ababa,56.0,Ethiopian Birr (ETB),132.1,132060.0,Eastern Africa,100.4,1104300.0,1945-11-13,4592.0
Falkland Islands (Malvinas),Stanley,0.8,Falkland Islands Pound (FKP),0.3,4.0,South America,97.5,12173.0,,2.3
Faroe Islands,Tórshavn,6.7,Danish Krone (DKK),40.0,55.0,Northern Europe,106.9,1393.0,,20.8
Fiji,Suva,2.2,Fiji Dollar (FJD),50.8,929.0,Melanesia,98.5,18272.0,1970-10-13,178.3
Finland,Helsinki,0.9,Euro (EUR),18.6,5617.0,Northern Europe,97.7,336884.0,1955-12-14,1292.2
France,Paris,0.9,Euro (EUR),120.7,66548.0,Western Europe,94.1,551500.0,1945-10-24,10958.2
French Guiana,Cayenne,0.9,Euro (EUR),3.8,308.0,South America,92.8,83534.0,,57.5
French Polynesia,Papeete,108.0,CFP Franc (XPF)e,76.5,282.0,Polynesia,102.3,3687.0,,136.0
Gabon,Libreville,593.6,"CFA Franc, BEAC (XAF)c",9.9,2539.0,Middle Africa,103.1,267668.0,1960-09-20,823.9
Gambia,Banjul,64.3,Dalasi (GMD),272.7,2760.0,Western Africa,99.2,11295.0,1965-09-21,443.4
Georgia,Tbilisi,2.7,Lari (GEL),54.8,3808.0,Western Asia,87.3,69700.0,1992-07-31,1077.3
Germany,Berlin,0.9,Euro (EUR),242.6,84552.0,Western Europe,97.6,357581.0,1973-09-18,3556.8
Ghana,Accra,11.9,Ghana Cedi (GHS),151.3,34427.0,Western Africa,99.8,238537.0,1957-03-08,2475.2
Gibraltar,Gibraltar,0.8,Gibraltar Pound (GIP),3932.9,39.0,Southern Europe,99.1,6.0,,34.7
Greece,Athens,0.9,Euro (EUR),76.8,10048.0,Southern Europe,93.9,131957.0,1945-10-25,3154.2
Greenland,Nuuk,6.7,Danish Krone (DKK),0.1,56.0,Northern America,110.9,2166086.0,,18.4
Grenada,Saint George's,2.7,E. Caribbean Dollar (XCD)c,344.7,117.0,Caribbean,100.5,345.0,1974-09-17,39.3
Guadeloupe,Basse-Terre,0.9,Euro (EUR),230.4,375.0,Caribbean,82.5,1639.0,,58.4
Guam,Hagåtña,1.0,US Dollar (USD),310.1,168.0,Micronesia,102.7,541.0,,146.9
Guatemala,Guatemala City,7.8,Quetzal (GTQ),171.8,18406.0,Central America,98.4,108889.0,1945-11-21,2891.2
Guinea,Conakry,9990.0,Guinean Franc (GNF),60.0,14755.0,Western Africa,98.0,245836.0,1958-12-12,1889.2
Guinea-Bissau,Bissau,593.6,"CFA Franc, BCEAO (XOF)c",78.3,2201.0,Western Africa,97.7,36125.0,1974-09-17,578.8
Guyana,Georgetown,208.5,Guyana Dollar (GYD),4.2,831.0,South America,94.9,214969.0,1966-09-20,109.9
Haiti,Port-au-Prince,131.8,Gourde (HTG),427.0,11773.0,Caribbean,98.0,27750.0,1945-10-24,2704.2
Holy See,Vatican City,0.9,Euro (EUR),,,Southern Europe,,,,0.8
Honduras,Tegucigalpa,24.7,Lempira (HNL),99.3,10826.0,Central America,101.4,112492.0,1945-12-17,1403.2
Hungary,Budapest,346.4,Forint (HUF),106.9,9676.0,Eastern Europe,92.4,93023.0,1955-12-14,1763.9
Iceland,Reykjavik,136.2,Iceland Krona (ISK),3.9,393.0,Northern Europe,104.9,103000.0,1946-11-19,216.4
India,New Delhi,83.1,Indian Rupee (INR),488.0,1450936.0,Southern Asia,106.5,3287263.0,1945-10-30,29399.1
Indonesia,Jakarta,15416.0,Rupiah (IDR),148.4,283488.0,South-eastern Asia,100.9,1910931.0,1950-09-28,10638.7
Iran (Islamic Republic of),Tehran,42000.0,Iranian Rial (IRR),56.2,91568.0,Southern Asia,103.3,1630848.0,1945-10-24,9013.7
Iraq,Baghdad,1300.0,Iraqi Dinar (IQD),106.1,46042.0,Western Asia,100.8,435052.0,1945-12-21,6974.4
Ireland,Dublin,0.9,Euro (EUR),76.9,5255.0,Northern Europe,98.0,69825.0,1955-12-14,1214.7
Isle of Man,Douglas,0.8,Pound Sterling (GBP),147.1,84.0,Northern Europe,98.1,572.0,,27.2
Israel,Jerusalemc,3.6,New Israeli Sheqel (ILS),433.7,9387.0,Western Asia,99.2,22072.0,1949-05-11,919.4
Italy,Rome,0.9,Euro (EUR),200.5,59343.0,Southern Europe,95.6,302068.0,1955-12-14,4234.0
Jamaica,Kingston,154.3,Jamaican Dollar (JMD),262.2,2839.0,Caribbean,97.8,10990.0,1962-09-18,589.8
Japan,Tokyo,141.9,Yen (JPY),328.4,123753.0,Eastern Asia,95.3,377930.0,1956-12-18,37435.2
Jordan,Amman,0.7,Jordanian Dinar (JOD),130.1,11553.0,Western Asia,106.5,89318.0,1955-12-14,2108.5
Kazakhstan,Astana,454.6,Tenge (KZT),7.6,20593.0,Central Asia,95.0,2724902.0,1992-03-02,1117.6
Kenya,Nairobi,156.5,Kenyan Shilling (KES),97.2,56433.0,Eastern Africa,98.9,591958.0,1963-12-16,4556.4
Kiribati,Bairiki,1.5,Australian Dollar (AUD),185.3,134.0,Micronesia,94.3,726.0,1999-09-14,3.2
Kuwait,Kuwait City,0.3,Kuwaiti Dinar (KWD),276.9,4934.0,Western Asia,157.2,17818.0,1963-05-14,3052.5
Kyrgyzstan,Bishkek,89.1,Som (KGS),37.5,7186.0,Central Asia,97.8,199949.0,1992-03-02,1017.2
Lao People's Democratic Republic,Vientiane,19162.0,Lao Kip (LAK),33.7,7770.0,South-eastern Asia,101.0,236800.0,1955-12-14,673.1
Latvia,Riga,0.9,Euro (EUR),30.1,1872.0,Northern Europe,86.4,64594.0,1991-09-17,633.8
Lebanon,Beirut,1507.5,Lebanese Pound (LBP),567.5,5806.0,Western Asia,94.7,10452.0,1945-10-24,2406.9
Lesotho,Maseru,18.5,Loti (LSL),77.0,2337.0,Southern Africa,95.0,30355.0,1966-10-17,201.9
Liberia,Monrovia,154.5,Liberian Dollar (LRD),58.3,5613.0,Western Africa,99.7,111369.0,1945-11-02,1467.0
Libya,Tripoli,4.8,Libyan Dinar (LYD),4.4,7381.0,Northern Africa,103.4,1676198.0,1955-12-14,1160.9
Liechtenstein,Vaduz,0.8,Swiss Franc (CHF),249.2,40.0,Western Europe,98.7,160.0,1990-09-18,5.5
Lithuania,Vilnius,0.9,Euro (EUR),45.7,2859.0,Northern Europe,89.4,65286.0,1991-09-17,537.6
Luxembourg,Luxembourg,0.9,Euro (EUR),259.9,673.0,Western Europe,101.3,2586.0,1945-10-24,119.8
Madagascar,Antananarivo,4572.8,Malagasy Ariary (MGA),54.9,31965.0,Eastern Africa,100.6,587041.0,1960-09-20,3210.4
Malawi,Lilongwe,773.1,Malawi Kwacha (MWK),229.0,21655.0,Eastern Africa,95.3,117726.0,1964-12-01,1074.7
Malaysia,Kuala Lumpurd,4.6,Malaysian Ringgit (MYR),108.2,35558.0,South-eastern Asia,109.9,330621.0,1957-09-17,7780.3
Maldives,Male,15.4,Rufiyaa (MVR),1759.3,528.0,Southern Asia,162.6,300.0,1965-09-21,176.9
Mali,Bamako,593.6,"CFA Franc, BCEAO (XOF)c",20.1,24479.0,Western Africa,101.8,1240192.0,1960-09-28,2529.3
Malta,Valletta,0.9,Euro (EUR),1713.0,540.0,Southern Europe,107.9,315.0,1964-12-01,212.8
Marshall Islands,Majuro,1.0,US Dollar (USD),208.6,38.0,Micronesia,105.1,181.0,1991-09-17,30.7
Martinique,Fort-de-France,0.9,Euro (EUR),323.8,343.0,Caribbean,83.1,1090.0,,79.4
Mauritania,Nouakchott,36.2,Ouguiya (MRU),5.0,5169.0,Western Africa,96.3,1030700.0,1961-10-27,1259.0
Mauritius,Port Louis,44.3,Mauritius Rupee (MUR),626.2,1271.0,Eastern Africa,99.7,1979.0,1968-04-24,149.4
Mayotte,Mamoudzou,0.9,Euro (EUR),870.7,326.0,Eastern Africa,91.6,,,6.2
Mexico,Mexico City,16.9,Mexican Peso (MXN),66.8,130861.0,Central America,94.2,1964375.0,1945-11-07,21671.9
Micronesia (Federated States of),Palikir,1.0,US Dollar (USD),161.7,113.0,Micronesia,98.7,702.0,1991-09-17,7.0
Monaco,Monaco,0.9,Euro (EUR),25926.8,39.0,Western Europe,95.8,2.0,1993-05-28,38.9
Mongolia,Ulaanbaatar,3410.7,Tugrik (MNT),2.2,3476.0,Eastern Asia,99.4,1564116.0,1961-10-27,1552.7
Montenegro,Podgorica,0.9,Euro (EUR),46.2,638.0,Southern Europe,92.8,13812.0,2006-06-28,177.2
Montserrat,Brades Estate,2.7,E. Caribbean Dollar (XCD)d,42.6,4.0,Caribbean,99.2,103.0,,0.5
Morocco,Rabat,9.9,Moroccan Dirham (MAD),85.3,38081.0,Northern Africa,101.7,446550.0,1956-11-12,1864.9
Mozambique,Maputo,63.9,Mozambique Metical (MZN),44.0,34632.0,Eastern Africa,94.2,799380.0,1975-09-16,1104.3
Myanmar,Nay Pyi Taw,1329.1,Kyat (MMK),83.4,54500.0,South-eastern Asia,99.1,676577.0,1948-04-19,546.5
Namibia,Windhoek,18.6,Namibia Dollar (NAD),3.7,3030.0,Southern Africa,95.5,825229.0,1990-04-23,417.4
Nauru,Yaren,1.5,Australian Dollar (AUD),597.3,12.0,Micronesia,103.7,21.0,1999-09-14,11.3
Nepal,Kathmandu,132.8,Nepalese Rupee (NPR),201.5,29651.0,Southern Asia,91.9,147181.0,1955-12-14,1376.1
Netherlands (Kingdom of the),Amsterdamd,0.9,Euro (EUR),541.4,18229.0,Western Europe,98.7,41543.0,1945-12-10,1140.3
New Caledonia,Nouméa,108.0,CFP Franc (XPF)d,16.0,293.0,Melanesia,97.3,19100.0,,197.8
New Zealand,Wellington,1.6,New Zealand Dollar (NZD),19.7,5214.0,Oceania,98.8,268107.0,1945-10-24,413.0
Nicaragua,Managua,36.6,Cordoba Oro (NIO),57.5,6916.0,Central America,96.8,130374.0,1945-10-24,1055.5
Niger,Niamey,593.6,"CFA Franc, BCEAO (XOF)c",21.3,27032.0,Western Africa,103.1,1267000.0,1960-09-20,1251.5
Nigeria,Abuja,460.0,Naira (NGN),255.5,232680.0,Western Africa,102.3,923768.0,1960-10-07,3095.1
Niue,Alofi,1.6,New Zealand Dollar (NZD),7.0,2.0,Polynesia,93.0,260.0,,0.7
North Macedonia,Skopje,55.7,Denar (MKD),73.2,1823.0,Southern Europe,94.7,25713.0,1993-04-08,589.8
Northern Mariana Islands,Garapan,1.0,US Dollar (USD),96.9,44.0,Micronesia,111.9,457.0,,4.0
Norway,Oslo,10.2,Norwegian Krone (NOK),18.3,5577.0,Northern Europe,101.6,323772.0,1945-11-27,1026.8
Oman,Muscat,0.4,Rial Omani (OMR),17.1,5282.0,Western Asia,164.6,309980.0,1971-10-07,1501.6
Pakistan,Islamabad,281.9,Pakistan Rupee (PKR),326.0,251269.0,Southern Asia,102.9,796095.0,1947-09-30,1095.1
Palau,Melekeok,1.0,US Dollar (USD),38.5,18.0,Micronesia,116.7,459.0,1994-12-15,11.4
Panama,Panama City,1.0,Balboa (PAB),60.9,4516.0,Central America,100.0,75320.0,1945-11-13,1821.7
Papua New Guinea,Port Moresby,3.5,Kina (PGK),23.4,10576.0,Melanesia,105.9,462840.0,1975-10-10,374.5
Paraguay,Asunción,7273.6,Guarani (PYG),17.1,6929.0,South America,100.6,406752.0,1945-10-24,3279.2
Peru,Lima,3.7,Sol (PEN),26.7,34218.0,South America,98.9,1285216.0,1945-10-31,10554.7
Philippines,Manila,55.6,Philippine Piso (PHP),386.1,115844.0,South-eastern Asia,99.5,300000.0,1945-10-24,13698.9
Poland,Warsaw,3.9,Zloty (PLN),125.9,38539.0,Eastern Europe,94.0,312679.0,1945-10-24,1775.9
Portugal,Lisbon,0.9,Euro (EUR),113.3,10425.0,Southern Europe,91.0,92226.0,1955-12-14,2942.1
Puerto Rico,San Juan,1.0,US Dollar (USD),373.0,3242.0,Caribbean,89.0,8868.0,,2451.4
Qatar,Doha,3.6,Qatari Rial (QAR),263.1,3048.0,Western Asia,248.2,11627.0,1971-09-21,637.3
Republic of Korea,Seoul,1289.4,South Korean Won (KRW),522.7,51718.0,Eastern Asia,99.7,100401.0,1991-09-17,9962.4
Republic of Moldova,Chisinau,17.4,Moldovan Leu (MDL),92.3,3035.0,Eastern Europe,85.2,33847.0,1992-03-02,504.3
Romania,Bucharest,4.5,Romanian Leu (RON),82.6,19015.0,Eastern Europe,93.9,238391.0,1955-12-14,1812.3
Russian Federation,Moscow,89.7,Russian Ruble (RUB),8.8,144820.0,Eastern Europe,86.6,17098246.0,1945-10-24,12476.2
Rwanda,Kigali,1263.9,Rwanda Franc (RWF),588.9,14257.0,Eastern Africa,95.2,26338.0,1962-09-18,1094.8
Réunion,Saint-Denis,0.9,Euro (EUR),351.4,879.0,Eastern Africa,90.5,2510.0,,147.2
Saint Helena,Jamestown,0.8,Saint Helena Pound (SHP),13.4,5.0,Western Africa,99.2,309.0,,0.6
Saint Kitts and Nevis,Basseterre,2.7,E. Caribbean Dollar (XCD)c,180.2,47.0,Caribbean,91.8,261.0,1983-09-23,14.4
Saint Lucia,Castries,2.7,E. Caribbean Dollar (XCD)c,291.8,180.0,Caribbean,97.5,616.0,1979-09-18,22.3
Saint Pierre and Miquelon,Saint-Pierre,0.9,Euro (EUR),24.5,6.0,Northern America,97.6,242.0,,5.7
Saint Vincent and the Grenadines,Kingstown,2.7,E. Caribbean Dollar (XCD)c,258.0,101.0,Caribbean,103.8,389.0,1980-09-16,26.6
Samoa,Apia,2.7,Tala (WST),77.0,218.0,Polynesia,101.4,2842.0,1976-12-15,36.1
San Marino,San Marino,0.9,Euro (EUR),550.5,34.0,Southern Europe,96.7,61.0,1992-03-02,4.5
Sao Tome and Principe,Sao Tome,23.0,Dobra (STN),245.4,236.0,Middle Africa,98.8,964.0,1975-09-16,80.1
Saudi Arabia,Riyadh,3.8,Saudi Riyal (SAR),15.8,33963.0,Western Asia,153.4,2206714.0,1945-10-24,7070.7
Senegal,Dakar,593.6,"CFA Franc, BCEAO (XOF)c",96.1,18502.0,Western Africa,103.4,196712.0,1960-09-28,3057.1
Serbia,Belgrade,105.9,Serbian Dinar (RSD),87.8,6736.0,Southern Europe,90.3,88444.0,2000-11-01,1393.7
Seychelles,Victoria,14.1,Seychelles Rupee (SCR),285.4,130.0,Eastern Africa,123.0,457.0,1976-09-21,28.1
Sierra Leone,Freetown,22.8,Leone (SLE),120.5,8642.0,Western Africa,99.5,72300.0,1961-09-27,1168.4
Singapore,Singapore,1.3,Singapore Dollar (SGD),8539.4,5832.0,South-eastern Asia,106.9,728.0,1965-09-21,5868.1
Sint Maarten (Dutch part),Philipsburg,1.8,Neth. Ant. Guilder (ANG)c,1275.0,43.0,Caribbean,94.8,34.0,,40.6
Slovakia,Bratislava,0.9,Euro (EUR),112.3,5507.0,Eastern Europe,95.4,49035.0,1993-01-19,432.5
Slovenia,Ljubljana,0.9,Euro (EUR),105.2,2119.0,Southern Europe,101.0,20273.0,1992-05-22,286.5
Solomon Islands,Honiara,8.5,Solomon Is. Dollar (SBD)c,28.4,819.0,Melanesia,104.6,28896.0,1978-09-19,81.8
Somalia,Mogadishu,24300.0,Somali Shilling (SOS),30.3,19009.0,Eastern Africa,100.4,637657.0,1960-09-20,2179.9
South Africa,Pretoriac,18.5,Rand (ZAR),52.4,64007.0,Southern Africa,94.8,1221037.0,1945-11-07,2472.6
South Sudan,Juba,668.7,S. Sudanese Pound (SSP)b,21.2,11943.0,Eastern Africa,96.8,,2011-07-14,385.8
Spain,Madrid,0.9,Euro (EUR),95.4,47910.0,Southern Europe,96.4,506008.0,1955-12-14,6559.0
Sri Lanka,Colomboc,200.4,Sri Lanka Rupee (LKR),368.4,23104.0,Southern Asia,93.7,65610.0,1955-12-14,606.2
State of Palestine,East Jerusalemd,,,912.9,5495.0,Western Asia,98.6,6025.0,,275.1
Sudan,Khartoum,578.2,Sudanese Pound (SDG),28.6,50449.0,Northern Africa,98.3,,1956-11-12,5677.9
Suriname,Paramaribo,36.7,Surinam Dollar (SRD),4.1,634.0,South America,99.8,163820.0,1975-12-04,239.5
Sweden,Stockholm,10.0,Swedish Krona (SEK),26.0,10607.0,Northern Europe,101.5,438574.0,1946-11-19,1608.0
Switzerland,Bern,0.8,Swiss Franc (CHF),223.1,8922.0,Western Europe,98.7,41291.0,2002-09-10,426.0
Syrian Arab Republic,Damascus,12500.0,Syrian Pound (SYP),134.3,24673.0,Western Asia,100.1,185180.0,1945-10-24,2353.6
Tajikistan,Dushanbe,11.0,Somoni (TJS),74.0,10591.0,Central Asia,96.6,141400.0,1992-03-02,893.8
Thailand,Bangkok,34.2,Baht (THB),140.3,71668.0,South-eastern Asia,94.9,513140.0,1946-12-16,10350.2
Timor-Leste,Dili,1.0,US Dollar (USD),94.2,1401.0,South-eastern Asia,101.7,14919.0,2002-09-27,281.1
Togo,Lomé,593.6,"CFA Franc, BCEAO (XOF)c",174.9,9515.0,Western Africa,101.3,56785.0,1960-09-20,1785.3
Tokelau,Tokelaud,1.6,New Zealand Dollar (NZD),208.9,2.0,Polynesia,95.8,12.0,,
Tonga,Nuku'alofa,2.3,Pa'anga (TOP),160.3,104.0,Polynesia,89.5,747.0,1999-09-14,22.9
Trinidad and Tobago,Port of Spain,6.8,TT Dollar (TTD)c,293.9,1508.0,Caribbean,97.8,5127.0,1962-09-18,544.3
Tunisia,Tunis,3.1,Tunisian Dinar (TND),79.0,12277.0,Northern Africa,97.7,163610.0,1956-11-12,2327.8
Turkmenistan,Ashgabat,3.5,Turkmen. Manat (TMT)c,15.9,7494.0,Central Asia,96.4,488100.0,1992-03-02,828.1
Turks and Caicos Islands,Cockburn Town,1.0,US Dollar (USD),49.0,46.0,Caribbean,100.2,948.0,,0.1
Tuvalu,Funafuti,1.5,Australian Dollar (AUD),321.5,10.0,Polynesia,104.8,26.0,2000-09-05,7.0
Türkiye,Ankara,29.5,Turkish Lira (TRY),113.7,87474.0,Western Asia,99.7,783562.0,1945-10-24,5018.0
Uganda,Kampala,3782.2,Uganda Shilling (UGX),250.3,50015.0,Eastern Africa,98.4,241550.0,1962-10-25,3137.7
Ukraine,Kyiv,38.0,Hryvnia (UAH),65.4,37860.0,Eastern Europe,86.9,603500.0,1945-10-24,2973.3
United Arab Emirates,Abu Dhabi,3.7,UAE Dirham (AED)d,155.3,11027.0,Western Asia,177.0,71024.0,1971-12-09,1452.1
United Kingdom,London,0.8,Pound Sterling (GBP),284.8,69138.0,Northern Europe,97.0,242495.0,1945-10-24,9176.5
United Republic of Tanzania,Dodoma,2297.6,Tanzanian Shilling (TZS),77.4,68560.0,Eastern Africa,98.3,947303.0,1961-12-14,261.6
United States Virgin Islands,Charlotte Amalie,1.0,US Dollar (USD),242.6,85.0,Caribbean,90.9,347.0,,52.3
United States of America,"Washington, D.C.",1.0,US Dollar (USD),37.8,345427.0,Northern America,101.0,9833517.0,1945-10-24,5264.5
Uruguay,Montevideo,39.0,Peso Uruguayo (UYU),19.6,3387.0,South America,94.2,173626.0,1945-12-18,1744.7
Uzbekistan,Tashkent,12340.0,Uzbekistan Sum (UZS),85.5,36362.0,Central Asia,101.8,448969.0,1992-03-02,2490.3
Vanuatu,Port Vila,116.5,Vatu (VUV),26.9,328.0,Melanesia,101.9,12189.0,1981-09-15,52.7
Venezuela (Bolivarian Republic of),Caracas,10.0,Bolívar (VED),31.0,28406.0,South America,97.6,929690.0,1945-11-15,2935.5
Viet Nam,Hanoi,23866.0,Dong (VND),322.2,100988.0,South-eastern Asia,96.0,331317.0,1977-09-20,4479.6
Wallis and Futuna Islands,Matu-Utu,108.0,CFP Franc (XPF)d,80.6,11.0,Polynesia,90.7,142.0,,1.0
Western Sahara,El Aaiún,9.9,Moroccan Dirham (MAD),2.2,590.0,Northern Africa,122.8,266000.0,,232.4
Yemen,Sana'a,1242.0,Yemeni Rial (YER),76.9,40583.0,Western Asia,102.7,527968.0,1947-09-30,2874.4
Zambia,Lusaka,25.7,Zambian Kwacha (ZMW),28.7,21315.0,Eastern Africa,98.0,752612.0,1964-12-01,2646.6
Zimbabwe,Harare,80.8,Zimbabwe Dollar (ZWL),43.0,16634.0,Eastern Africa,91.1,390757.0,1980-08-25,1521.3
