Country,Capital city,Capital city pop. (000),"Capital city pop. (000, 2024)",Exchange rate (per US$),National currency,"Pop. density (per km2, 2024)","Population (000, 2024)",Region,Sex ratio (m per 100 f),Surface area (km2),UN membership date
Afghanistan,Kabul,,4114.0,77.1,Afghani (AFN),65.7,42648.0,Southern Asia,102.0,652864.0,1946-11-19
Albania,Tirana,,484.6,93.9,Lek (ALL),101.9,2792.0,Southern Europe,97.8,28748.0,1955-12-14
Algeria,Algiers,,2729.3,134.3,Algerian Dinar (DZD),19.7,46814.0,Northern Africa,104.1,2381741.0,1962-10-08
American Samoa,Pago Pago,,48.5,,US Dollar (USD),233.8,47.0,Polynesia,101.9,199.0,
Andorra,Andorra la Vella,,22.6,0.9,Euro (EUR),174.3,82.0,Southern Europe,104.6,468.0,1993-07-28
Angola,Luanda,,8044.7,828.8,Kwanza (AOA),30.4,37886.0,Middle Africa,98.0,1246700.0,1976-12-01
Anguilla,The Valley,,1.4,2.7,E. Caribbean Dollar (XCD)d,165.9,15.0,Caribbean,94.5,91.0,
Antigua and Barbuda,Saint John's,,20.8,2.7,E. Caribbean Dollar (XCD)c,213.1,94.0,Caribbean,90.8,442.0,1981-11-11
Argentina,Buenos Aires,,15057.3,807.0,Argentine Peso (ARS),16.4,45696.0,South America,98.5,2796427.0,1945-10-24
Armenia,Yerevan,,1083.3,404.8,Armenian Dram (AMD),104.5,2974.0,Western Asia,86.7,29743.0,1992-03-02
Aruba,Oranjestad,,29.9,1.8,Aruban Florin (AWG),600.4,108.0,Caribbean,89.5,180.0,
Australia,Canberra,,452.5,1.5,Australian Dollar (AUD),3.5,26713.0,Oceania,98.5,7692024.0,1945-11-01
Austria,Vienna,,1915.3,0.9,Euro (EUR),110.5,9121.0,Western Europe,97.0,83878.0,1955-12-14
Azerbaijan,Baku,,2313.1,1.7,Azerbaijan manat (AZN),125.1,10337.0,Western Asia,96.1,86600.0,1992-03-02
Bahamas,Nassau,,279.7,1.0,Bahamian Dollar (BSD),74.9,401.0,Caribbean,91.4,13940.0,1973-09-18
Bahrain,Manama,,600.4,0.4,Bahraini Dinar (BHD),2052.4,1607.0,Western Asia,163.4,778.0,1971-09-21
Bangladesh,Dhaka,,20283.6,110.0,Taka (BDT),1333.4,173562.0,Southern Asia,96.7,148460.0,1974-09-17
Barbados,Bridgetown,,89.2,2.0,Barbados Dollar (BBD),656.9,282.0,Caribbean,92.1,431.0,1966-12-09
Belarus,Minsk,,2016.7,3.2,Belarusian Ruble (BYN),44.6,9057.0,Eastern Europe,87.3,207600.0,1945-10-24
Belgium,Brussels,,2065.3,0.9,Euro (EUR),387.7,11739.0,Western Europe,97.3,30528.0,1945-12-27
Belize,Belmopan,,23.0,2.0,Belize Dollar (BZD),18.3,417.0,Central America,101.8,22965.0,1981-09-25
Benin,Porto-Novoc,,285.3,593.6,"CFA Franc, BCEAO (XOF)d",128.3,14463.0,Western Africa,100.6,114763.0,1960-09-20
Bermuda,Hamilton,,10.1,1.0,Bermudian Dollar (BMD),1197.0,65.0,Northern America,95.8,54.0,
Bhutan,Thimphu,,203.3,83.3,Ngultrum (BTN),20.6,792.0,Southern Asia,114.8,38394.0,1971-09-21
Bolivia (Plurinational State of),Sucred,,277.9,6.9,Boliviano (BOB),11.5,12413.0,South America,100.4,1098581.0,1945-11-14
"Bonaire, Sint Eustatius and Saba",Kralendijk,,11.3,,US Dollar (USD),93.5,31.0,Caribbean,106.1,,
Bosnia and Herzegovina,Sarajevo,,342.7,1.8,Convertible Mark (BAM),61.8,3164.0,Southern Europe,90.8,51209.0,1992-05-22
Botswana,Gaborone,,269.3,13.4,Pula (BWP),4.4,2521.0,Southern Africa,99.4,582000.0,1966-10-17
Brazil,Brasilia,,4559.0,4.8,Brazilian Real (BRL),25.4,211999.0,South America,96.8,8515767.0,1945-10-24
British Virgin Islands,Road Town,,15.1,,US Dollar (USD),256.3,40.0,Caribbean,90.0,151.0,
Brunei Darussalam,Bandar Seri Begawan,,40.8,1.3,Brunei Dollar (BND),80.3,463.0,South-eastern Asia,113.2,5765.0,1984-09-21
Bulgaria,Sofia,,1276.9,1.8,Bulgarian Lev (BGN),62.3,6758.0,Eastern Europe,93.8,110372.0,1955-12-14
Burkina Faso,Ouagadougou,,2652.7,593.6,"CFA Franc, BCEAO (XOF)c",86.1,23549.0,Western Africa,99.3,274200.0,1960-09-20
Burundi,Gitega,,899.0,2856.1,Burundi Franc (BIF),541.3,14048.0,Eastern Africa,98.7,27834.0,1962-09-18
Cabo Verde,Praia,,167.5,100.4,Cabo Verde Escudo (CVE),130.2,525.0,Western Africa,103.5,4033.0,1975-09-16
Cambodia,Phnom Penh,,2014.0,4085.0,Riel (KHR),97.4,17639.0,South-eastern Asia,96.1,181035.0,1955-12-14
Cameroon,Yaoundé,,3822.4,593.6,"CFA Franc, BEAC (XAF)c",62.5,29124.0,Middle Africa,99.3,475650.0,1960-09-20
Canada,Ottawa,,1378.2,1.3,Canadian Dollar (CAD),4.4,39742.0,Northern America,98.6,9984670.0,1945-11-09
Cayman Islands,George Town,,34.9,0.8,Cayman Islands Dollar (KYD),309.0,74.0,Caribbean,100.8,264.0,
Central African Republic,Bangui,,869.6,593.6,"CFA Franc, BEAC (XAF)c",8.6,5331.0,Middle Africa,92.3,622984.0,1960-09-20
Chad,N'Djamena,,1371.5,593.6,"CFA Franc, BEAC (XAF)c",16.1,20299.0,Middle Africa,100.6,1284000.0,1960-09-20
Channel Islands,Saint Heliera,,34.4,0.8,Pound Sterling (GBP),,,Northern Europe,,,
Chile,Santiago,,6723.5,873.0,Chilean Peso (CLP),26.2,19765.0,South America,98.8,756102.0,1945-10-24
China,Beijing,,20035.5,7.1,Yuan Renminbi (CNY),147.8,1419321.0,Eastern Asia,103.8,9600000.0,1945-10-24
"China, Hong Kong SAR",Hong Kong,,7490.8,7.8,Hong Kong Dollar (HKD),6747.0,7415.0,Eastern Asia,82.0,1107.0,
"China, Macao SAR",Macao,,642.1,8.1,Pataca (MOP),22508.2,720.0,Eastern Asia,85.4,33.0,
Colombia,Bogota,,10779.4,3822.0,Colombian Peso (COP),47.1,52886.0,South America,97.4,1141748.0,1945-11-05
Comoros,Moroni,,62.4,445.2,Comorian Franc (KMF),465.7,867.0,Eastern Africa,101.2,2235.0,1975-11-12
Congo,Brazzaville,,2308.1,593.6,"CFA Franc, BEAC (XAF)c",18.5,6333.0,Middle Africa,100.0,342000.0,1960-09-20
Cook Islands,Avarua,,13.1,1.6,New Zealand Dollar (NZD),57.2,14.0,Polynesia,95.9,236.0,
Costa Rica,San José,,1378.5,523.0,Costa Rican Colon (CRC),100.5,5130.0,Central America,97.7,51100.0,1945-11-02
Croatia,Zagreb,,685.2,0.9,Euro (EUR),69.3,3875.0,Southern Europe,93.2,56594.0,1992-05-22
Cuba,Havana,,2138.4,24.0,Cuban Peso (CUP)c,102.8,10980.0,Caribbean,97.4,109884.0,1945-10-24
Curaçao,Willemstad,,144.0,1.8,Neth. Ant. Guilder (ANG)c,437.5,186.0,Caribbean,90.8,444.0,
Cyprus,Nicosia,,269.5,0.9,Euro (EUR),147.0,1358.0,Western Asia,101.5,9251.0,1960-09-20
Czechia,Prague,,1298.8,22.4,Czech Koruna (CZK),139.1,10736.0,Eastern Europe,97.3,78871.0,1993-01-19
Côte d’Ivoire,Yamoussoukroc,,231.1,593.6,"CFA Franc, BCEAO (XOF)d",100.4,31934.0,Western Africa,103.6,322462.0,1960-09-20
Democratic People's Republic of Korea,Pyongyang,,3060.9,110.0,North Korean Won (KPW),220.1,26499.0,Eastern Asia,97.9,120538.0,1991-09-17
Democratic Republic of the Congo,Kinshasa,,13743.3,2000.0,Congolese Franc (CDF),48.2,109276.0,Middle Africa,98.5,2345410.0,1960-09-20
Denmark,Copenhagen,,1333.9,6.7,Danish Krone (DKK),141.0,5977.0,Northern Europe,98.8,42938.0,1945-10-24
Djibouti,Djibouti,,568.8,177.7,Djibouti Franc (DJF),50.4,1169.0,Eastern Africa,98.3,23200.0,1977-09-20
Dominica,Roseau,,14.9,2.7,E. Caribbean Dollar (XCD)c,88.3,66.0,Caribbean,100.0,750.0,1978-12-18
Dominican Republic,Santo Domingo,,3245.0,58.3,Dominican Peso (DOP),236.5,11428.0,Caribbean,98.9,48671.0,1945-10-24
Ecuador,Quito,,1847.7,,US Dollar (USD),73.0,18136.0,South America,99.4,257217.0,1945-12-21
Egypt,Cairo,,20485.0,30.8,Egyptian Pound (EGP),117.1,116538.0,Northern Africa,102.0,1002000.0,1945-10-24
El Salvador,San Salvador,,1105.7,,US Dollar (USD),305.9,6338.0,Central America,90.5,21041.0,1945-10-24
Equatorial Guinea,Malabo,,296.8,593.6,"CFA Franc, BEAC (XAF)c",67.5,1892.0,Middle Africa,111.5,28052.0,1968-11-12
Eritrea,Asmara,,928.8,15.1,Nakfa (ERN),29.2,3536.0,Eastern Africa,97.5,121144.0,1993-05-28
Estonia,Tallinn,,441.3,0.9,Euro (EUR),31.3,1360.0,Northern Europe,90.6,45261.0,1991-09-17
Eswatini,Mbabanec,,68.0,18.4,Lilangeni (SZL),71.6,1243.0,Southern Africa,96.5,17363.0,1968-09-24
Ethiopia,Addis Ababa,,4592.0,56.0,Ethiopian Birr (ETB),132.1,132060.0,Eastern Africa,100.4,1104300.0,1945-11-13
Falkland Islands (Malvinas),Stanley,,2.3,0.8,Falkland Islands Pound (FKP),0.3,4.0,South America,97.5,12173.0,
Faroe Islands,Tórshavn,,20.8,6.7,Danish Krone (DKK),40.0,55.0,Northern Europe,106.9,1393.0,
Fiji,Suva,,178.3,2.2,Fiji Dollar (FJD),50.8,929.0,Melanesia,98.5,18272.0,1970-10-13
Finland,Helsinki,,1292.2,0.9,Euro (EUR),18.6,5617.0,Northern Europe,97.7,336884.0,1955-12-14
France,Paris,,10958.2,0.9,Euro (EUR),120.7,66548.0,Western Europe,94.1,551500.0,1945-10-24
French Guiana,Cayenne,,57.5,0.9,Euro (EUR),3.8,308.0,South America,92.8,83534.0,
French Polynesia,Papeete,,136.0,108.0,CFP Franc (XPF)e,76.5,282.0,Polynesia,102.3,3687.0,
Gabon,Libreville,,823.9,593.6,"CFA Franc, BEAC (XAF)c",9.9,2539.0,Middle Africa,103.1,267668.0,1960-09-20
Gambia,Banjul,,443.4,64.3,Dalasi (GMD),272.7,2760.0,Western Africa,99.2,11295.0,1965-09-21
Georgia,Tbilisi,,1077.3,2.7,Lari (GEL),54.8,3808.0,Western Asia,87.3,69700.0,1992-07-31
Germany,Berlin,,3556.8,0.9,Euro (EUR),242.6,84552.0,Western Europe,97.6,357581.0,1973-09-18
Ghana,Accra,,2475.2,11.9,Ghana Cedi (GHS),151.3,34427.0,Western Africa,99.8,238537.0,1957-03-08
Gibraltar,Gibraltar,,34.7,0.8,Gibraltar Pound (GIP),3932.9,39.0,Southern Europe,99.1,6.0,
Greece,Athens,,3154.2,0.9,Euro (EUR),76.8,10048.0,Southern Europe,93.9,131957.0,1945-10-25
Greenland,Nuuk,,18.4,6.7,Danish Krone (DKK),0.1,56.0,Northern America,110.9,2166086.0,
Grenada,Saint George's,,39.3,2.7,E. Caribbean Dollar (XCD)c,344.7,117.0,Caribbean,100.5,345.0,1974-09-17
Guadeloupe,Basse-Terre,,58.4,0.9,Euro (EUR),230.4,375.0,Caribbean,82.5,1639.0,
Guam,Hagåtña,,146.9,,US Dollar (USD),310.1,168.0,Micronesia,102.7,541.0,
Guatemala,Guatemala City,,2891.2,7.8,Quetzal (GTQ),171.8,18406.0,Central America,98.4,108889.0,1945-11-21
Guinea,Conakry,,1889.2,9990.0,Guinean Franc (GNF),60.0,14755.0,Western Africa,98.0,245836.0,1958-12-12
Guinea-Bissau,Bissau,,578.8,593.6,"CFA Franc, BCEAO (XOF)c",78.3,2201.0,Western Africa,97.7,36125.0,1974-09-17
Guyana,Georgetown,,109.9,208.5,Guyana Dollar (GYD),4.2,831.0,South America,94.9,214969.0,1966-09-20
Haiti,Port-au-Prince,,2704.2,131.8,Gourde (HTG),427.0,11773.0,Caribbean,98.0,27750.0,1945-10-24
Holy See,Vatican City,,0.8,0.9,Euro (EUR),,,Southern Europe,,,
Honduras,Tegucigalpa,,1403.2,24.7,Lempira (HNL),99.3,10826.0,Central America,101.4,112492.0,1945-12-17
Hungary,Budapest,,1763.9,346.4,Forint (HUF),106.9,9676.0,Eastern Europe,92.4,93023.0,1955-12-14
Iceland,Reykjavik,,216.4,136.2,Iceland Krona (ISK),3.9,393.0,Northern Europe,104.9,103000.0,1946-11-19
India,New Delhi,,29399.1,83.1,Indian Rupee (INR),488.0,1450936.0,Southern Asia,106.5,3287263.0,1945-10-30
Indonesia,Jakarta,,10638.7,15416.0,Rupiah (IDR),148.4,283488.0,South-eastern Asia,100.9,1910931.0,1950-09-28
Iran (Islamic Republic of),Tehran,,9013.7,42000.0,Iranian Rial (IRR),56.2,91568.0,Southern Asia,103.3,1630848.0,1945-10-24
Iraq,Baghdad,,6974.4,1300.0,Iraqi Dinar (IQD),106.1,46042.0,Western Asia,100.8,435052.0,1945-12-21
Ireland,Dublin,,1214.7,0.9,Euro (EUR),76.9,5255.0,Northern Europe,98.0,69825.0,1955-12-14
Isle of Man,Douglas,,27.2,0.8,Pound Sterling (GBP),147.1,84.0,Northern Europe,98.1,572.0,
Israel,Jerusalemc,,919.4,3.6,New Israeli Sheqel (ILS),433.7,9387.0,Western Asia,99.2,22072.0,1949-05-11
Italy,Rome,,4234.0,0.9,Euro (EUR),200.5,59343.0,Southern Europe,95.6,302068.0,1955-12-14
Jamaica,Kingston,,589.8,154.3,Jamaican Dollar (JMD),262.2,2839.0,Caribbean,97.8,10990.0,1962-09-18
Japan,Tokyo,,37435.2,141.9,Yen (JPY),328.4,123753.0,Eastern Asia,95.3,377930.0,1956-12-18
Jordan,Amman,,2108.5,0.7,Jordanian Dinar (JOD),130.1,11553.0,Western Asia,106.5,89318.0,1955-12-14
Kazakhstan,Astana,,1117.6,454.6,Tenge (KZT),7.6,20593.0,Central Asia,95.0,2724902.0,1992-03-02
Kenya,Nairobi,,4556.4,156.5,Kenyan Shilling (KES),97.2,56433.0,Eastern Africa,98.9,591958.0,1963-12-16
Kiribati,Bairiki,3.2,,1.5,Australian Dollar (AUD),185.3,134.0,Micronesia,94.3,726.0,1999-09-14
Kuwait,Kuwait City,,3052.5,0.3,Kuwaiti Dinar (KWD),276.9,4934.0,Western Asia,157.2,17818.0,1963-05-14
Kyrgyzstan,Bishkek,,1017.2,89.1,Som (KGS),37.5,7186.0,Central Asia,97.8,199949.0,1992-03-02
Lao People's Democratic Republic,Vientiane,,673.1,19162.0,Lao Kip (LAK),33.7,7770.0,South-eastern Asia,101.0,236800.0,1955-12-14
Latvia,Riga,,633.8,0.9,Euro (EUR),30.1,1872.0,Northern Europe,86.4,64594.0,1991-09-17
Lebanon,Beirut,,2406.9,1507.5,Lebanese Pound (LBP),567.5,5806.0,Western Asia,94.7,10452.0,1945-10-24
Lesotho,Maseru,,201.9,18.5,Loti (LSL),77.0,2337.0,Southern Africa,95.0,30355.0,1966-10-17
Liberia,Monrovia,,1467.0,154.5,Liberian Dollar (LRD),58.3,5613.0,Western Africa,99.7,111369.0,1945-11-02
Libya,Tripoli,,1160.9,4.8,Libyan Dinar (LYD),4.4,7381.0,Northern Africa,103.4,1676198.0,1955-12-14
Liechtenstein,Vaduz,,5.5,0.8,Swiss Franc (CHF),249.2,40.0,Western Europe,98.7,160.0,1990-09-18
Lithuania,Vilnius,,537.6,0.9,Euro (EUR),45.7,2859.0,Northern Europe,89.4,65286.0,1991-09-17
Luxembourg,Luxembourg,,119.8,0.9,Euro (EUR),259.9,673.0,Western Europe,101.3,2586.0,1945-10-24
Madagascar,Antananarivo,,3210.4,4572.8,Malagasy Ariary (MGA),54.9,31965.0,Eastern Africa,100.6,587041.0,1960-09-20
Malawi,Lilongwe,,1074.7,773.1,Malawi Kwacha (MWK),229.0,21655.0,Eastern Africa,95.3,117726.0,1964-12-01
Malaysia,Kuala Lumpurd,,7780.3,4.6,Malaysian Ringgit (MYR),108.2,35558.0,South-eastern Asia,109.9,330621.0,1957-09-17
Maldives,Male,,176.9,15.4,Rufiyaa (MVR),1759.3,528.0,Southern Asia,162.6,300.0,1965-09-21
Mali,Bamako,,2529.3,593.6,"CFA Franc, BCEAO (XOF)c",20.1,24479.0,Western Africa,101.8,1240192.0,1960-09-28
Malta,Valletta,,212.8,0.9,Euro (EUR),1713.0,540.0,Southern Europe,107.9,315.0,1964-12-01
Marshall Islands,Majuro,,30.7,,US Dollar (USD),208.6,38.0,Micronesia,105.1,181.0,1991-09-17
Martinique,Fort-de-France,,79.4,0.9,Euro (EUR),323.8,343.0,Caribbean,83.1,1090.0,
Mauritania,Nouakchott,,1259.0,36.2,Ouguiya (MRU),5.0,5169.0,Western Africa,96.3,1030700.0,1961-10-27
Mauritius,Port Louis,,149.4,44.3,Mauritius Rupee (MUR),626.2,1271.0,Eastern Africa,99.7,1979.0,1968-04-24
Mayotte,Mamoudzou,,6.2,0.9,Euro (EUR),870.7,326.0,Eastern Africa,91.6,,
Mexico,Mexico City,,21671.9,16.9,Mexican Peso (MXN),66.8,130861.0,Central America,94.2,1964375.0,1945-11-07
Micronesia (Federated States of),Palikir,,7.0,,US Dollar (USD),161.7,113.0,Micronesia,98.7,702.0,1991-09-17
Monaco,Monaco,,38.9,0.9,Euro (EUR),25926.8,39.0,Western Europe,95.8,2.0,1993-05-28
Mongolia,Ulaanbaatar,,1552.7,3410.7,Tugrik (MNT),2.2,3476.0,Eastern Asia,99.4,1564116.0,1961-10-27
Montenegro,Podgorica,,177.2,0.9,Euro (EUR),46.2,638.0,Southern Europe,92.8,13812.0,2006-06-28
Montserrat,Brades Estate,,0.5,2.7,E. Caribbean Dollar (XCD)d,42.6,4.0,Caribbean,99.2,103.0,
Morocco,Rabat,,1864.9,9.9,Moroccan Dirham (MAD),85.3,38081.0,Northern Africa,101.7,446550.0,1956-11-12
Mozambique,Maputo,,1104.3,63.9,Mozambique Metical (MZN),44.0,34632.0,Eastern Africa,94.2,799380.0,1975-09-16
Myanmar,Nay Pyi Taw,,546.5,1329.1,Kyat (MMK),83.4,54500.0,South-eastern Asia,99.1,676577.0,1948-04-19
Namibia,Windhoek,,417.4,18.6,Namibia Dollar (NAD),3.7,3030.0,Southern Africa,95.5,825229.0,1990-04-23
Nauru,Yaren,,11.3,1.5,Australian Dollar (AUD),597.3,12.0,Micronesia,103.7,21.0,1999-09-14
Nepal,Kathmandu,,1376.1,132.8,Nepalese Rupee (NPR),201.5,29651.0,Southern Asia,91.9,147181.0,1955-12-14
Netherlands (Kingdom of the),Amsterdamd,,1140.3,0.9,Euro (EUR),541.4,18229.0,Western Europe,98.7,41543.0,1945-12-10
New Caledonia,Nouméa,,197.8,108.0,CFP Franc (XPF)d,16.0,293.0,Melanesia,97.3,19100.0,
New Zealand,Wellington,,413.0,1.6,New Zealand Dollar (NZD),19.7,5214.0,Oceania,98.8,268107.0,1945-10-24
Nicaragua,Managua,,1055.5,36.6,Cordoba Oro (NIO),57.5,6916.0,Central America,96.8,130374.0,1945-10-24
Niger,Niamey,,1251.5,593.6,"CFA Franc, BCEAO (XOF)c",21.3,27032.0,Western Africa,103.1,1267000.0,1960-09-20
Nigeria,Abuja,,3095.1,460.0,Naira (NGN),255.5,232680.0,Western Africa,102.3,923768.0,1960-10-07
Niue,Alofi,,0.7,1.6,New Zealand Dollar (NZD),7.0,2.0,Polynesia,93.0,260.0,
North Macedonia,Skopje,,589.8,55.7,Denar (MKD),73.2,1823.0,Southern Europe,94.7,25713.0,1993-04-08
Northern Mariana Islands,Garapan,4.0,,,US Dollar (USD),96.9,44.0,Micronesia,111.9,457.0,
Norway,Oslo,,1026.8,10.2,Norwegian Krone (NOK),18.3,5577.0,Northern Europe,101.6,323772.0,1945-11-27
Oman,Muscat,,1501.6,0.4,Rial Omani (OMR),17.1,5282.0,Western Asia,164.6,309980.0,1971-10-07
Pakistan,Islamabad,,1095.1,281.9,Pakistan Rupee (PKR),326.0,251269.0,Southern Asia,102.9,796095.0,1947-09-30
Palau,Melekeok,,11.4,,US Dollar (USD),38.5,18.0,Micronesia,116.7,459.0,1994-12-15
Panama,Panama City,,1821.7,1.0,Balboa (PAB),60.9,4516.0,Central America,100.0,75320.0,1945-11-13
Papua New Guinea,Port Moresby,,374.5,3.5,Kina (PGK),23.4,10576.0,Melanesia,105.9,462840.0,1975-10-10
Paraguay,Asunción,,3279.2,7273.6,Guarani (PYG),17.1,6929.0,South America,100.6,406752.0,1945-10-24
Peru,Lima,,10554.7,3.7,Sol (PEN),26.7,34218.0,South America,98.9,1285216.0,1945-10-31
Philippines,Manila,,13698.9,55.6,Philippine Piso (PHP),386.1,115844.0,South-eastern Asia,99.5,300000.0,1945-10-24
Poland,Warsaw,,1775.9,3.9,Zloty (PLN),125.9,38539.0,Eastern Europe,94.0,312679.0,1945-10-24
Portugal,Lisbon,,2942.1,0.9,Euro (EUR),113.3,10425.0,Southern Europe,91.0,92226.0,1955-12-14
Puerto Rico,San Juan,,2451.4,,US Dollar (USD),373.0,3242.0,Caribbean,89.0,8868.0,
Qatar,Doha,,637.3,3.6,Qatari Rial (QAR),263.1,3048.0,Western Asia,248.2,11627.0,1971-09-21
Republic of Korea,Seoul,,9962.4,1289.4,South Korean Won (KRW),522.7,51718.0,Eastern Asia,99.7,100401.0,1991-09-17
Republic of Moldova,Chisinau,,504.3,17.4,Moldovan Leu (MDL),92.3,3035.0,Eastern Europe,85.2,33847.0,1992-03-02
Romania,Bucharest,,1812.3,4.5,Romanian Leu (RON),82.6,19015.0,Eastern Europe,93.9,238391.0,1955-12-14
Russian Federation,Moscow,,12476.2,89.7,Russian Ruble (RUB),8.8,144820.0,Eastern Europe,86.6,17098246.0,1945-10-24
Rwanda,Kigali,,1094.8,1263.9,Rwanda Franc (RWF),588.9,14257.0,Eastern Africa,95.2,26338.0,1962-09-18
Réunion,Saint-Denis,,147.2,0.9,Euro (EUR),351.4,879.0,Eastern Africa,90.5,2510.0,
Saint Helena,Jamestown,,0.6,0.8,Saint Helena Pound (SHP),13.4,5.0,Western Africa,99.2,309.0,
Saint Kitts and Nevis,Basseterre,,14.4,2.7,E. Caribbean Dollar (XCD)c,180.2,47.0,Caribbean,91.8,261.0,1983-09-23
Saint Lucia,Castries,,22.3,2.7,E. Caribbean Dollar (XCD)c,291.8,180.0,Caribbean,97.5,616.0,1979-09-18
Saint Pierre and Miquelon,Saint-Pierre,,5.7,0.9,Euro (EUR),24.5,6.0,Northern America,97.6,242.0,
Saint Vincent and the Grenadines,Kingstown,,26.6,2.7,E. Caribbean Dollar (XCD)c,258.0,101.0,Caribbean,103.8,389.0,1980-09-16
Samoa,Apia,,36.1,2.7,Tala (WST),77.0,218.0,Polynesia,101.4,2842.0,1976-12-15
San Marino,San Marino,,4.5,0.9,Euro (EUR),550.5,34.0,Southern Europe,96.7,61.0,1992-03-02
Sao Tome and Principe,Sao Tome,,80.1,23.0,Dobra (STN),245.4,236.0,Middle Africa,98.8,964.0,1975-09-16
Saudi Arabia,Riyadh,,7070.7,3.8,Saudi Riyal (SAR),15.8,33963.0,Western Asia,153.4,2206714.0,1945-10-24
Senegal,Dakar,,3057.1,593.6,"CFA Franc, BCEAO (XOF)c",96.1,18502.0,Western Africa,103.4,196712.0,1960-09-28
Serbia,Belgrade,,1393.7,105.9,Serbian Dinar (RSD),87.8,6736.0,Southern Europe,90.3,88444.0,2000-11-01
Seychelles,Victoria,,28.1,14.1,Seychelles Rupee (SCR),285.4,130.0,Eastern Africa,123.0,457.0,1976-09-21
Sierra Leone,Freetown,,1168.4,22.8,Leone (SLE),120.5,8642.0,Western Africa,99.5,72300.0,1961-09-27
Singapore,Singapore,,5868.1,1.3,Singapore Dollar (SGD),8539.4,5832.0,South-eastern Asia,106.9,728.0,1965-09-21
Sint Maarten (Dutch part),Philipsburg,,40.6,1.8,Neth. Ant. Guilder (ANG)c,1275.0,43.0,Caribbean,94.8,34.0,
Slovakia,Bratislava,,432.5,0.9,Euro (EUR),112.3,5507.0,Eastern Europe,95.4,49035.0,1993-01-19
Slovenia,Ljubljana,,286.5,0.9,Euro (EUR),105.2,2119.0,Southern Europe,101.0,20273.0,1992-05-22
Solomon Islands,Honiara,,81.8,8.5,Solomon Is. Dollar (SBD)c,28.4,819.0,Melanesia,104.6,28896.0,1978-09-19
Somalia,Mogadishu,,2179.9,24300.0,Somali Shilling (SOS),30.3,19009.0,Eastern Africa,100.4,637657.0,1960-09-20
South Africa,Pretoriac,,2472.6,18.5,Rand (ZAR),52.4,64007.0,Southern Africa,94.8,1221037.0,1945-11-07
South Sudan,Juba,,385.8,668.7,S. Sudanese Pound (SSP)b,21.2,11943.0,Eastern Africa,96.8,,2011-07-14
Spain,Madrid,,6559.0,0.9,Euro (EUR),95.4,47910.0,Southern Europe,96.4,506008.0,1955-12-14
Sri Lanka,Colomboc,,606.2,200.4,Sri Lanka Rupee (LKR),368.4,23104.0,Southern Asia,93.7,65610.0,1955-12-14
State of Palestine,East Jerusalemd,,275.1,,,912.9,5495.0,Western Asia,98.6,6025.0,
Sudan,Khartoum,,5677.9,578.2,Sudanese Pound (SDG),28.6,50449.0,Northern Africa,98.3,,1956-11-12
Suriname,Paramaribo,,239.5,36.7,Surinam Dollar (SRD),4.1,634.0,South America,99.8,163820.0,1975-12-04
Sweden,Stockholm,,1608.0,10.0,Swedish Krona (SEK),26.0,10607.0,Northern Europe,101.5,438574.0,1946-11-19
Switzerland,Bern,,426.0,0.8,Swiss Franc (CHF),223.1,8922.0,Western Europe,98.7,41291.0,2002-09-10
Syrian Arab Republic,Damascus,,2353.6,12500.0,Syrian Pound (SYP),134.3,24673.0,Western Asia,100.1,185180.0,1945-10-24
Tajikistan,Dushanbe,,893.8,11.0,Somoni (TJS),74.0,10591.0,Central Asia,96.6,141400.0,1992-03-02
Thailand,Bangkok,,10350.2,34.2,Baht (THB),140.3,71668.0,South-eastern Asia,94.9,513140.0,1946-12-16
Timor-Leste,Dili,,281.1,,US Dollar (USD),94.2,1401.0,South-eastern Asia,101.7,14919.0,2002-09-27
Togo,Lomé,,1785.3,593.6,"CFA Franc, BCEAO (XOF)c",174.9,9515.0,Western Africa,101.3,56785.0,1960-09-20
Tokelau,Tokelaud,,,1.6,New Zealand Dollar (NZD),208.9,2.0,Polynesia,95.8,12.0,
Tonga,Nuku'alofa,,22.9,2.3,Pa'anga (TOP),160.3,104.0,Polynesia,89.5,747.0,1999-09-14
Trinidad and Tobago,Port of Spain,,544.3,6.8,TT Dollar (TTD)c,293.9,1508.0,Caribbean,97.8,5127.0,1962-09-18
Tunisia,Tunis,,2327.8,3.1,Tunisian Dinar (TND),79.0,12277.0,Northern Africa,97.7,163610.0,1956-11-12
Turkmenistan,Ashgabat,,828.1,3.5,Turkmen. Manat (TMT)c,15.9,7494.0,Central Asia,96.4,488100.0,1992-03-02
Turks and Caicos Islands,Cockburn Town,0.1,,,US Dollar (USD),49.0,46.0,Caribbean,100.2,948.0,
Tuvalu,Funafuti,,7.0,1.5,Australian Dollar (AUD),321.5,10.0,Polynesia,104.8,26.0,2000-09-05
Türkiye,Ankara,,5018.0,29.5,Turkish Lira (TRY),113.7,87474.0,Western Asia,99.7,783562.0,1945-10-24
Uganda,Kampala,,3137.7,3782.2,Uganda Shilling (UGX),250.3,50015.0,Eastern Africa,98.4,241550.0,1962-10-25
Ukraine,Kyiv,,2973.3,38.0,Hryvnia (UAH),65.4,37860.0,Eastern Europe,86.9,603500.0,1945-10-24
United Arab Emirates,Abu Dhabi,,1452.1,3.7,UAE Dirham (AED)d,155.3,11027.0,Western Asia,177.0,71024.0,1971-12-09
United Kingdom,London,,9176.5,0.8,Pound Sterling (GBP),284.8,69138.0,Northern Europe,97.0,242495.0,1945-10-24
United Republic of Tanzania,Dodoma,,261.6,2297.6,Tanzanian Shilling (TZS),77.4,68560.0,Eastern Africa,98.3,947303.0,1961-12-14
United States Virgin Islands,Charlotte Amalie,,52.3,,US Dollar (USD),242.6,85.0,Caribbean,90.9,347.0,
United States of America,"Washington, D.C.",,5264.5,,US Dollar (USD),37.8,345427.0,Northern America,101.0,9833517.0,1945-10-24
Uruguay,Montevideo,,1744.7,39.0,Peso Uruguayo (UYU),19.6,3387.0,South America,94.2,173626.0,1945-12-18
Uzbekistan,Tashkent,,2490.3,12340.0,Uzbekistan Sum (UZS),85.5,36362.0,Central Asia,101.8,448969.0,1992-03-02
Vanuatu,Port Vila,,52.7,116.5,Vatu (VUV),26.9,328.0,Melanesia,101.9,12189.0,1981-09-15
Venezuela (Bolivarian Republic of),Caracas,,2935.5,10.0,Bolívar (VED),31.0,28406.0,South America,97.6,929690.0,1945-11-15
Viet Nam,Hanoi,,4479.6,23866.0,Dong (VND),322.2,100988.0,South-eastern Asia,96.0,331317.0,1977-09-20
Wallis and Futuna Islands,Matu-Utu,,1.0,108.0,CFP Franc (XPF)d,80.6,11.0,Polynesia,90.7,142.0,
Western Sahara,El Aaiún,,232.4,9.9,Moroccan Dirham (MAD),2.2,590.0,Northern Africa,122.8,266000.0,
Yemen,Sana'a,,2874.4,1242.0,Yemeni Rial (YER),76.9,40583.0,Western Asia,102.7,527968.0,1947-09-30
Zambia,Lusaka,,2646.6,25.7,Zambian Kwacha (ZMW),28.7,21315.0,Eastern Africa,98.0,752612.0,1964-12-01
Zimbabwe,Harare,,1521.3,80.8,Zimbabwe Dollar (ZWL),43.0,16634.0,Eastern Africa,91.1,390757.0,1980-08-25
